Station,Date,Hour,Track,Artist
RFM,2026-10-03,01:01,CASTLE ON THE HILL,ED SHEERAN
RFM,2026-10-03,01:05,SILENT TREATMENT,FREYA SKYE
RFM,2026-10-03,01:08,HOMEWRECKER,SOMBR
RFM,2026-10-03,01:11,QUEM ME VÊ,"OS QUATRO E MEIA, LUIS TRIGACHEIRO"
RFM,2026-10-03,01:14,EARRINGS,MALCOLM TODD
RFM,2026-10-03,01:16,CALMA,BLUAY
RFM,2026-10-03,01:19,NO BROKE BOYS,"DISCO LINES, TINASHE"
RFM,2026-10-03,01:22,MR. KNOW IT ALL,TEDDY SWIMS
RFM,2026-10-03,01:25,COMO É FRACO O CORAÇÃO,"ELISA, TIAGO NOGUEIRA"
RFM,2026-10-03,01:28,TRY,PINK
RFM,2026-10-03,01:32,DAI DAI,"SHAKIRA, BURNA BOY"
RFM,2026-10-03,01:36,BACK INTO LOVE,AUREA
RFM,2026-10-03,01:39,YOU GIVE ME SOMETHING,JAMES MORRISON
RFM,2026-10-03,01:42,CASAR É PRA ESQUECER,VIZINHOS
RFM,2026-10-03,01:45,LOOK AT MY LIFE,GRACIE ABRAMS
RFM,2026-10-03,01:50,MOVIN TO THE SUN,"HUGEL, IMAEL ANGEL, ULTRA NATÉ"
RFM,2026-10-03,01:53,AMOR SEM PRESSA,DAVID FONSECA
RFM,2026-10-03,01:56,BED CHEM,SABRINA CARPENTER
RFM,2026-10-03,01:59,SELF AWARE,TEMPER CITY
RFM,2026-10-03,02:01,AMIGA DA MINHA MULHER,SEU JORGE
RFM,2026-10-03,02:05,LOCKED AWAY,R. CITY [+] ADAM LEVINE
RFM,2026-10-03,02:09,IN THE STARS,BENSON BOONE
RFM,2026-10-03,02:13,SALOIA,NUNO RIBEIRO
RFM,2026-10-03,02:16,BE HER,ELLA LANGLEY
RFM,2026-10-03,02:19,CAROLINA,DESCENDENTES
RFM,2026-10-03,02:22,SIGN OF THE TIMES,HARRY STYLES
RFM,2026-10-03,02:26,ANIMAL,KATSEYE
RFM,2026-10-03,02:28,CIDADE,"BLUAY, BUBA ESPINHO"
RFM,2026-10-03,02:31,PAPARAZZI,LADY GAGA
RFM,2026-10-03,02:35,AGORA E TARDE,D.A.M.A
RFM,2026-10-03,02:38,HOLD ME IN THE DARK,MYLES SMITH
RFM,2026-10-03,02:41,HUMAN,THE KILLERS
RFM,2026-10-03,02:45,NOTHIN ON YOU,B.O.B.
RFM,2026-10-03,02:52,DREAM AS ONE (FROM AVATAR),MILEY CYRUS
RFM,2026-10-03,02:55,GONE GONE GONE,"DAVID GUETTA, TEDDY SWIMS, TONES AND I"
RFM,2026-10-03,02:58,FALLIN,ALICIA KEYS
RFM,2026-10-03,03:02,VICIO DIFICIL,MARISA LIZ
RFM,2026-10-03,03:05,SUPERESTRELLA,AITANA
RFM,2026-10-03,03:08,ESPERA,FERNANDO DANIEL
RFM,2026-10-03,03:11,IN MY BLOOD,SHAWN MENDES
RFM,2026-10-03,03:14,THE FATE OF OPHELIA,TAYLOR SWIFT
RFM,2026-10-03,03:18,CHUVA DE AMOR.,CALEMA
RFM,2026-10-03,03:22,STOP AND STARE,ONEREPUBLIC
RFM,2026-10-03,03:25,THE TIME OF MY LIFE,BENSON BOONE
RFM,2026-10-03,03:29,112.,ATOA feat. D.A.M.A.
RFM,2026-10-03,03:32,STEREO LOVE,EDWARD MAYA [+] VIKA JIGULINA
RFM,2026-10-03,03:36,JA SEI NAMORAR,TRIBALISTAS
RFM,2026-10-03,03:39,PASSENGER,ALEX WARREN
RFM,2026-10-03,03:42,WAYS TO GO,"ALEC BENJAMIN, KHALID"
RFM,2026-10-03,03:44,A MAQUINA,AMOR ELECTRO
RFM,2026-10-03,03:51,JAMAICAN (BAM BAM),HUGEL
RFM,2026-10-03,03:53,FRÁGIL,MANINHO
RFM,2026-10-03,03:56,THATS SO TRUE,GRACIE ABRAMS
RFM,2026-10-03,03:59,GOLDEN,"HUNTR/X, EJAE, AUDREY NUNA, REI AMI"
RFM,2026-10-03,04:02,OS CROQUETES ACABAM,NENA
RFM,2026-10-03,04:06,END OF BEGINNING,DJO
RFM,2026-10-03,04:08,HEY THERE DALILAH,PLAIN WHITE T`S
RFM,2026-10-03,04:12,ENTÃO QUE O MUNDO ACABE,SYRO
RFM,2026-10-03,04:15,BOSTON,STELLA LEFTY
RFM,2026-10-03,04:18,QUEM ME VÊ,"OS QUATRO E MEIA, LUIS TRIGACHEIRO"
RFM,2026-10-03,04:21,SWEET BUT PSYCHO,AVA MAX
RFM,2026-10-03,04:24,STUPID SONG,OLIVIA RODRIGO
RFM,2026-10-03,04:27,SE EU FOSSE A TI,"MARIANA PEREIRA, MURTA"
RFM,2026-10-03,04:31,TIME OF OUR LIVES,PITBULL [+] NE-YO
RFM,2026-10-03,04:34,ONDE VAIS,BÁRBARA BANDEIRA FT. CARMINHO
RFM,2026-10-03,04:38,GREAT EXPECTATION,SIENNA SPIRO
RFM,2026-10-03,04:41,SKIN,RAG N BONE MAN
RFM,2026-10-03,04:45,TEARS DRY ON THEIR OWN,AMY WINEHOUSE
RFM,2026-10-03,04:51,WATER,TYLA
RFM,2026-10-03,04:54,RISK IT ALL,BRUNO MARS
RFM,2026-10-03,04:58,DIAMONDS,RIHANNA
RFM,2026-10-03,05:01,BACK INTO LOVE,AUREA
RFM,2026-10-03,05:04,"I KNEW IT, I KNEW YOU",TAYLOR SWIFT
RFM,2026-10-03,05:07,DESLIZA,ANA MOURA
RFM,2026-10-03,05:10,BAD AT LOVE,HALSEY
RFM,2026-10-03,05:13,NEW RELIGION,"BEBE REXHA, FAITHLESS"
RFM,2026-10-03,05:16,LOOK WHAT YOUVE DONE,RICHIE CAMPBELL
RFM,2026-10-03,05:18,SLOW IT DOWN,BENSON BOONE
RFM,2026-10-03,05:21,ILOVEITILOVEIT,BELLA KAY
RFM,2026-10-03,05:24,AMOR SEM PRESSA,DAVID FONSECA
RFM,2026-10-03,05:27,MISS INDEPENDENT,NE-YO
RFM,2026-10-03,05:31,OLÁ SOLIDÃO,OS QUATRO E MEIA
RFM,2026-10-03,05:34,EMERALD EYES.,ALEX WARREN
RFM,2026-10-03,05:37,RADIOACTIVE,IMAGINE DRAGONS
RFM,2026-10-03,05:40,CASA,"D.A.M.A, BUBA ESPINHO"
RFM,2026-10-03,05:43,DAISIES,JUSTIN BIEBER
RFM,2026-10-03,05:46,NOSSO QUADRO,ANA CASTELA & AGROPLAY
RFM,2026-10-03,05:52,DAI DAI,"SHAKIRA, BURNA BOY"
RFM,2026-10-03,05:56,CAROLINA,DESCENDENTES
RFM,2026-10-03,05:58,MAKE ME FEEL,OSKAR MED K
RFM,2026-10-03,06:01,HATE THAT I MADE YOU LOVE ME,ARIANA GRANDE
RFM,2026-10-03,06:04,QUE O AMOR TE SALVE NESTA NOITE ESCURA,"PEDRO ABRUNHOSA, SARA CORREIA"
RFM,2026-10-03,06:07,DIE ON THIS HILL,SIENNA SPIRO
RFM,2026-10-03,06:11,THE SCIENTIST,COLDPLAY
RFM,2026-10-03,06:15,EMOCIONAL,FERNANDO DANIEL
RFM,2026-10-03,06:19,CHOOSIN TEXAS,ELLA LANGLEY
RFM,2026-10-03,06:22,VICIO DIFICIL,MARISA LIZ
RFM,2026-10-03,06:30,BE ALRIGHT,DEAN LEWIS
RFM,2026-10-03,06:33,HIGH HOPES 3000,ROLE MODEL
RFM,2026-10-03,06:37,KISS ME,MARO
RFM,2026-10-03,06:40,HOME AGAIN,MICHAEL KIWANUKA
RFM,2026-10-03,06:43,LOOK AT MY LIFE,GRACIE ABRAMS
RFM,2026-10-03,06:46,BIRDS OF A FEATHER,BILLIE EILISH
RFM,2026-10-03,06:57,JUNO,SABRINA CARPENTER
RFM,2026-10-03,07:01,VIZINHA DO PRIMEIRO ANDAR,VIZINHOS
RFM,2026-10-03,07:04,LOVE SHOW,SKYE
RFM,2026-10-03,07:07,LET ME BE,THE SECOND VOICE
RFM,2026-10-03,07:10,112.,ATOA feat. D.A.M.A.
RFM,2026-10-03,07:13,ROYALS,LORDE
RFM,2026-10-03,07:16,NO MATTER WHERE I GO,GUI ALY
RFM,2026-10-03,07:19,WHATEVER IT TAKES,IMAGINE DRAGONS
RFM,2026-10-03,07:22,LOVE ME NOT,RAVYN LENAE
RFM,2026-10-03,07:25,DIALETOS DA TERNURA,DA WEASEL
RFM,2026-10-03,07:37,MOVIN TO THE SUN,"HUGEL, IMAEL ANGEL, ULTRA NATÉ"
RFM,2026-10-03,07:39,A NOSSA VEZ,CALEMA
RFM,2026-10-03,07:42,SWIM,BTS
RFM,2026-10-03,07:45,GOOD REASON,GRACIE ABRAMS
RFM,2026-10-03,07:56,THE TIME OF MY LIFE,BENSON BOONE
RFM,2026-10-03,08:00,MEET ME HALFWAY,BLACK EYED PEAS
RFM,2026-10-03,08:03,VOLTAS,FERNANDO DANIEL
RFM,2026-10-03,08:07,MAN I NEED,OLIVIA DEAN
RFM,2026-10-03,08:10,FRÁGIL,MANINHO
RFM,2026-10-03,08:13,JUST GIVE ME A REASON,"PINK, NATE RUESS"
RFM,2026-10-03,08:17,THE GREAT DIVIDE,NOAH KAHAN
RFM,2026-10-03,08:22,I KISSED A GIRL,KATY PERRY
RFM,2026-10-03,08:25,SALOIA,NUNO RIBEIRO
RFM,2026-10-03,08:28,SOMEBODY THAT I USED TO KNOW,"GOTYE, KIMBRA"
RFM,2026-10-03,08:39,REFUGE,DERMOT KENNEDY
RFM,2026-10-03,08:42,COMO É FRACO O CORAÇÃO,"ELISA, TIAGO NOGUEIRA"
RFM,2026-10-03,08:45,CHANDELIER,SIA
RFM,2026-10-03,08:58,PUSH 2 START,TYLA
RFM,2026-10-03,09:01,CHUVA DE AMOR.,CALEMA
RFM,2026-10-03,09:04,TIK TOK,KESHA
RFM,2026-10-03,09:08,AMERICAN GIRLS,HARRY STYLES
RFM,2026-10-03,09:11,QUEM ME VÊ,"OS QUATRO E MEIA, LUIS TRIGACHEIRO"
RFM,2026-10-03,09:14,FEEL THIS MOMENT,PITBULL [+] CHRISTINA AGUILERA
RFM,2026-10-03,09:18,ENTÃO QUE O MUNDO ACABE,SYRO
RFM,2026-10-03,09:21,STICK SEASON,NOAH KAHAN
RFM,2026-10-03,09:24,THESE WALLS,DUA LIPA
RFM,2026-10-03,09:27,SÓ A MIM,"MARGARIDA,"
RFM,2026-10-03,09:37,JAMAICAN (BAM BAM),HUGEL
RFM,2026-10-03,09:39,"1,2,3",ZARKO feat. LATTE
RFM,2026-10-03,09:42,KILL BILL,SZA
RFM,2026-10-03,09:44,EARRINGS,MALCOLM TODD
RFM,2026-10-03,09:47,BORN WITH A BROKEN HEART,DAMIANO DAVID
RFM,2026-10-03,09:59,ILOVEITILOVEIT,BELLA KAY
RFM,2026-10-03,10:02,I WONT GIVE UP,JASON MRAZ
RFM,2026-10-03,10:06,ENCOSTA-TE A MIM,JORGE PALMA
RFM,2026-10-03,10:10,FORTNIGHT,"TAYLOR SWIFT, POST MALONE"
RFM,2026-10-03,10:14,BACK INTO LOVE,AUREA
RFM,2026-10-03,10:17,CAKE BY THE OCEAN,DNCE
RFM,2026-10-03,10:20,ANIMAL,KATSEYE
RFM,2026-10-03,10:23,PHOTOGRAPH,ED SHEERAN
RFM,2026-10-03,10:27,LOOK WHAT YOUVE DONE,RICHIE CAMPBELL
RFM,2026-10-03,10:29,BREAKEVEN,THE SCRIPT
RFM,2026-10-03,10:41,SILENT TREATMENT,FREYA SKYE
RFM,2026-10-03,10:43,EMOCIONAL,FERNANDO DANIEL
RFM,2026-10-03,10:46,SHUT UP AND DANCE,WALK THE MOON
RFM,2026-10-03,11:00,NAKED,JAMES ARTHUR
RFM,2026-10-03,11:03,VIZINHA DO PRIMEIRO ANDAR,VIZINHOS
RFM,2026-10-03,11:06,HEY BROTHER,AVICII
RFM,2026-10-03,11:11,MR. KNOW IT ALL,TEDDY SWIMS
RFM,2026-10-03,11:14,AMOR SEM PRESSA,DAVID FONSECA
RFM,2026-10-03,11:17,LOVE STORY,TAYLOR SWIFT
RFM,2026-10-03,11:21,NO MATTER WHERE I GO,GUI ALY
RFM,2026-10-03,11:23,COUNTING STARS,ONEREPUBLIC
RFM,2026-10-03,11:28,DANCE THE NIGHT,DUA LIPA
RFM,2026-10-03,11:31,FICA TUDO BEM,SILVA FT. ANITTA
RFM,2026-10-03,11:40,DAI DAI,"SHAKIRA, BURNA BOY"
RFM,2026-10-03,11:44,SCARS TO YOUR BEAUTIFUL,ALESSIA CARA
RFM,2026-10-03,11:47,SUPERESTRELLA,AITANA
RFM,2026-10-03,12:00,MOVIN TO THE SUN,"HUGEL, IMAEL ANGEL, ULTRA NATÉ"
RFM,2026-10-03,12:02,HOMEWRECKER,SOMBR
RFM,2026-10-03,12:05,CIDADE,BÁRBARA TINOCO FT. BÁRBARA BANDEIRA
RFM,2026-10-03,12:08,STITCHES,SHAWN MENDES
RFM,2026-10-03,12:11,CAROLINA,DESCENDENTES
RFM,2026-10-03,12:14,STAY (IF YOU WANNA DANCE),MYLES SMITH
RFM,2026-10-03,12:17,STUPID SONG,OLIVIA RODRIGO
RFM,2026-10-03,12:20,NO ONE,ALICIA KEYS
RFM,2026-10-03,12:24,SALOIA,NUNO RIBEIRO
RFM,2026-10-03,12:27,HOLD BACK THE RIVER,JAMES BAY
RFM,2026-10-03,12:38,SELF AWARE,TEMPER CITY
RFM,2026-10-03,12:41,COMO É FRACO O CORAÇÃO,"ELISA, TIAGO NOGUEIRA"
RFM,2026-10-03,12:44,ELASTIC HEART,SIA
RFM,2026-10-03,12:56,FEATHER,SABRINA CARPENTER
RFM,2026-10-03,12:59,CHUVA DE AMOR.,CALEMA
RFM,2026-10-03,13:03,GRENADE,BRUNO MARS
RFM,2026-10-03,13:06,BE HER,ELLA LANGLEY
RFM,2026-10-03,13:10,VICIO DIFICIL,MARISA LIZ
RFM,2026-10-03,13:13,YOU KNOW IM NO GOOD,AMY WINEHOUSE
RFM,2026-10-03,13:16,ENTÃO QUE O MUNDO ACABE,SYRO
RFM,2026-10-03,13:19,THIS TOWN,NIALL HORAN [+] CHEAT CODES REMIX
RFM,2026-10-03,13:23,I KNOW WHAT YOU DID LAST SUMMER,SHAWN MENDES & CAMILA CABELLO
RFM,2026-10-03,13:26,AMIGA DA MINHA MULHER,SEU JORGE
RFM,2026-10-03,13:37,THE TIME OF MY LIFE,BENSON BOONE
RFM,2026-10-03,13:41,NA ESCOLA,OS QUATRO E MEIA
RFM,2026-10-03,13:45,"I KNEW IT, I KNEW YOU",TAYLOR SWIFT
RFM,2026-10-03,13:48,POMPEII,BASTILLE
RFM,2026-10-03,14:01,JAMAICAN (BAM BAM),HUGEL
RFM,2026-10-03,14:03,TOXIC,BRITNEY SPEARS
RFM,2026-10-03,14:07,SE EU FOSSE A TI,"MARIANA PEREIRA, MURTA"
RFM,2026-10-03,14:10,SHAPE OF YOU,ED SHEERAN
RFM,2026-10-03,14:14,112.,ATOA feat. D.A.M.A.
RFM,2026-10-03,14:17,SUPERHEROES,THE SCRIPT
RFM,2026-10-03,14:21,HIGH HOPES 3000,ROLE MODEL
RFM,2026-10-03,14:25,A THOUSAND MILES,VANESSA CARLTON
RFM,2026-10-03,14:29,LOOK WHAT YOUVE DONE,RICHIE CAMPBELL
RFM,2026-10-03,14:31,YOU ARE THE REASON,CALUM SCOTT
RFM,2026-10-03,14:42,GONE GONE GONE,"DAVID GUETTA, TEDDY SWIMS, TONES AND I"
RFM,2026-10-03,14:45,EMOCIONAL,FERNANDO DANIEL
RFM,2026-10-03,14:58,SWEET BUT PSYCHO,AVA MAX
RFM,2026-10-03,15:01,VIZINHA DO PRIMEIRO ANDAR,VIZINHOS
RFM,2026-10-03,15:04,DJ GOT US FALLIN IN LOVE,USHER feat. PITBULL
RFM,2026-10-03,15:07,THE FATE OF OPHELIA,TAYLOR SWIFT
RFM,2026-10-03,15:11,FRÁGIL,MANINHO
RFM,2026-10-03,15:14,YOU GIVE ME SOMETHING,JAMES MORRISON
RFM,2026-10-03,15:18,NO MATTER WHERE I GO,GUI ALY
RFM,2026-10-03,15:20,BECAUSE OF YOU,KELLY CLARKSON
RFM,2026-10-03,15:24,FOUR FIVE SECONDS,RIHANNA [+] KANYE WEST AND PAUL MCCARTNEY
RFM,2026-10-03,15:27,SOMEONE THAT CANNOT LOVE,DAVID FONSECA
RFM,2026-10-03,15:38,ILOVEITILOVEIT,BELLA KAY
RFM,2026-10-03,15:42,RESPIRAR,CALEMA & SARA CORREIA
RFM,2026-10-03,15:46,GOOD REASON,GRACIE ABRAMS
RFM,2026-10-03,16:00,DAI DAI,"SHAKIRA, BURNA BOY"
RFM,2026-10-03,16:03,LOCKED OUT OF HEAVEN,BRUNO MARS
RFM,2026-10-03,16:07,AMOR DE AGOSTO,"ARAGÃO, MARIANA PEREIRA"
RFM,2026-10-03,16:10,END OF BEGINNING,DJO
RFM,2026-10-03,16:13,QUEM ME VÊ,"OS QUATRO E MEIA, LUIS TRIGACHEIRO"
RFM,2026-10-03,16:16,YELLOW,COLDPLAY
RFM,2026-10-03,16:20,THE GREAT DIVIDE,NOAH KAHAN
RFM,2026-10-03,16:26,LOVE SHOW,SKYE
RFM,2026-10-03,16:29,SALOIA,NUNO RIBEIRO
RFM,2026-10-03,16:32,SHE WILL BE LOVED,MAROON 5
RFM,2026-10-03,16:43,GOLDEN,"HUNTR/X, EJAE, AUDREY NUNA, REI AMI"
RFM,2026-10-03,16:46,COMO É FRACO O CORAÇÃO,"ELISA, TIAGO NOGUEIRA"
RFM,2026-10-03,16:58,STUCK WITH U,ARIANA GRANDE & JUSTIN BIEBER
RFM,2026-10-03,17:02,CHUVA DE AMOR.,CALEMA
RFM,2026-10-03,17:06,MEET ME HALFWAY,BLACK EYED PEAS
RFM,2026-10-03,17:10,BOSTON,STELLA LEFTY
RFM,2026-10-03,17:13,BACK INTO LOVE,AUREA
RFM,2026-10-03,17:16,LOVE THE WAY YOU LIE,EMINEM feat. RIHANNA
RFM,2026-10-03,17:20,ENTÃO QUE O MUNDO ACABE,SYRO
RFM,2026-10-03,17:23,HUMAN,THE KILLERS
RFM,2026-10-03,17:27,TV,BILLIE EILISH
RFM,2026-10-03,17:32,TIQUES DE RICO,"OS QUATRO E MEIA, MIGUEL ARAÚJO"
RFM,2026-10-03,17:42,MOVIN TO THE SUN,"HUGEL, IMAEL ANGEL, ULTRA NATÉ"
RFM,2026-10-03,17:45,EARRINGS,MALCOLM TODD
RFM,2026-10-03,17:47,DIALETOS DA TERNURA,DA WEASEL
RFM,2026-10-03,18:01,THE TIME OF MY LIFE,BENSON BOONE
RFM,2026-10-03,18:05,TEARS DRY ON THEIR OWN,AMY WINEHOUSE
RFM,2026-10-03,18:08,NÃO ME IMPORTO,CAROLINA DESLANDES
RFM,2026-10-03,18:11,DIE FOR ME,ZAYN
RFM,2026-10-03,18:14,AMOR SEM PRESSA,DAVID FONSECA
RFM,2026-10-03,18:17,TONIGHT.,REAMONN
RFM,2026-10-03,18:20,ANIMAL,KATSEYE
RFM,2026-10-03,18:23,MIRRORS,JUSTIN TIMBERLAKE
RFM,2026-10-03,18:28,LOOK WHAT YOUVE DONE,RICHIE CAMPBELL
RFM,2026-10-03,18:30,ONE MORE NIGHT,MAROON 5
RFM,2026-10-03,18:42,RISK IT ALL,BRUNO MARS
RFM,2026-10-03,18:45,EMOCIONAL,FERNANDO DANIEL
RFM,2026-10-03,18:58,JURAMENTO ETERNO DE SAL,ALVARO DE LUNA
RFM,2026-10-03,19:02,VIZINHA DO PRIMEIRO ANDAR,VIZINHOS
RFM,2026-10-03,19:05,AM I WRONG,NICO & VINZ
RFM,2026-10-03,19:08,NEW RELIGION,"BEBE REXHA, FAITHLESS"
RFM,2026-10-03,19:11,CAROLINA,DESCENDENTES
RFM,2026-10-03,19:14,DIE YOUNG,KESHA
RFM,2026-10-03,19:17,NO MATTER WHERE I GO,GUI ALY
RFM,2026-10-03,19:20,HERE WITHOUT YOU,3 DOORS DOWN
RFM,2026-10-03,19:24,WOMAN,DOJA CAT
RFM,2026-10-03,19:27,A NOSSA DANÇA,CALEMA
RFM,2026-10-03,19:37,JAMAICAN (BAM BAM),HUGEL
RFM,2026-10-03,19:39,RITINHA,ATOA & GRUPO ACADEMICO SEISTETOS
RFM,2026-10-03,19:42,LONELY,JUSTIN BIEBER & BENNY BLANCO
RFM,2026-10-03,19:44,SUPERESTRELLA,AITANA
RFM,2026-10-03,19:47,SUDDENLY I SEE,KT TUNSTALL
RFM,2026-10-03,19:59,ILOVEITILOVEIT,BELLA KAY
RFM,2026-10-03,20:02,BEAUTIFUL THINGS,BENSON BOONE
RFM,2026-10-03,20:05,NUMBER ONE GIRL,ROSÉ
RFM,2026-10-03,20:08,"I KNEW IT, I KNEW YOU",TAYLOR SWIFT
RFM,2026-10-03,20:11,VICIO DIFICIL,MARISA LIZ
RFM,2026-10-03,20:14,BEAUTIFUL GIRLS,SEAN  KINGSTON
RFM,2026-10-03,20:18,HATE THAT I MADE YOU LOVE ME,ARIANA GRANDE
RFM,2026-10-03,20:21,WATER,TYLA
RFM,2026-10-03,20:24,SALOIA,NUNO RIBEIRO
RFM,2026-10-03,20:28,HOLD ME IN THE DARK,MYLES SMITH
RFM,2026-10-03,20:38,CHOOSIN TEXAS,ELLA LANGLEY
RFM,2026-10-03,20:42,PROMISCUOUS GIRL,NELLY FURTADO feat. TIMBALAND
RFM,2026-10-03,20:46,HO HEY,THE LUMINEERS
RFM,2026-10-03,20:56,LET ME BE,THE SECOND VOICE
RFM,2026-10-03,20:59,FRÁGIL,MANINHO
RFM,2026-10-03,21:02,BREAKEVEN,THE SCRIPT
RFM,2026-10-03,21:06,MON AMOUR,ZZOILO & AITANA
RFM,2026-10-03,21:09,PASSENGER,ALEX WARREN
RFM,2026-10-03,21:12,EU NAO SEI,EXPENSIVE SOUL
RFM,2026-10-03,21:16,STUPID SONG,OLIVIA RODRIGO
RFM,2026-10-03,21:19,UNTIL I FOUND YOU,STEPHEN SANCHEZ
RFM,2026-10-03,21:22,HOMEWRECKER,SOMBR
RFM,2026-10-03,21:25,QUEM ME VÊ,"OS QUATRO E MEIA, LUIS TRIGACHEIRO"
RFM,2026-10-03,21:35,DAI DAI,"SHAKIRA, BURNA BOY"
RFM,2026-10-03,21:39,COMO É FRACO O CORAÇÃO,"ELISA, TIAGO NOGUEIRA"
RFM,2026-10-03,21:42,REFUGE,DERMOT KENNEDY
RFM,2026-10-03,21:45,MEMORIES,MAROON 5
RFM,2026-10-03,21:58,MOVIN TO THE SUN,"HUGEL, IMAEL ANGEL, ULTRA NATÉ"
RFM,2026-10-03,22:00,ITS TIME,IMAGINE DRAGONS
RFM,2026-10-03,22:04,I LIKE ME BETTER,LAUV
RFM,2026-10-03,22:08,HIGH HOPES 3000,ROLE MODEL
RFM,2026-10-03,22:12,BACK INTO LOVE,AUREA
RFM,2026-10-03,22:15,ELASTIC HEART,SIA
RFM,2026-10-03,22:18,AMERICAN GIRLS,HARRY STYLES
RFM,2026-10-03,22:22,PINK PONY CLUB,CHAPPELL ROAN
RFM,2026-10-03,22:26,CHUVA DE AMOR.,CALEMA
RFM,2026-10-03,22:30,GREAT EXPECTATION,SIENNA SPIRO
RFM,2026-10-03,22:35,SILENT TREATMENT,FREYA SKYE
RFM,2026-10-03,22:38,LOVE STORY,TAYLOR SWIFT
RFM,2026-10-03,22:42,MAIS OU MENOS ISTO,RITA ROCHA
RFM,2026-10-03,22:45,NEXT SUMMER,DAMIANO DAVID
RFM,2026-10-03,22:53,MR. KNOW IT ALL,TEDDY SWIMS
RFM,2026-10-03,22:57,CAROLINA,DESCENDENTES
RFM,2026-10-03,22:59,HEY THERE DALILAH,PLAIN WHITE T`S
RFM,2026-10-03,23:03,IS THERE SOMEONE ELSE,THE WEEKND
RFM,2026-10-03,23:06,EMERALD EYES.,ALEX WARREN
RFM,2026-10-03,23:09,SE EU FOSSE A TI,"MARIANA PEREIRA, MURTA"
RFM,2026-10-03,23:12,GOOD REASON,GRACIE ABRAMS
RFM,2026-10-03,23:16,PERFECT,ED SHEERAN
RFM,2026-10-03,23:20,TOXIC,BRITNEY SPEARS
RFM,2026-10-03,23:24,VICIO DIFICIL,MARISA LIZ
RFM,2026-10-03,23:29,THE TIME OF MY LIFE,BENSON BOONE
RFM,2026-10-03,23:33,ENTÃO QUE O MUNDO ACABE,SYRO
RFM,2026-10-03,23:36,READ ALL ABOUT IT (PART.III),EMELI SANDE
RFM,2026-10-03,23:39,SELF AWARE,TEMPER CITY
RFM,2026-10-03,23:42,WAYS TO GO,"ALEC BENJAMIN, KHALID"
RFM,2026-10-03,23:45,PAST WONT LEAVE MY BED,JOJI
RFM,2026-10-03,23:54,SORRY,JUSTIN BIEBER
RFM,2026-10-03,23:57,BE HER,ELLA LANGLEY
Mega Hits,2026-10-03,23:46,SHOULD HAVE KNOWN BETTER,PEDRO SANTOS
Mega Hits,2026-10-03,23:49,TALK TO YOU,ANOTR feat. 54 ULTRA
Mega Hits,2026-10-03,23:52,MILLION DOLLAR BABY,TOMMY RICHMAN
Mega Hits,2026-10-03,23:54,ACORDAR,PLUTONIO
Mega Hits,2026-10-03,23:58,ESPRESSO,SABRINA CARPENTER
Mega Hits,2026-10-03,00:01,RMB (RING MY BELL),AITCH
Mega Hits,2026-10-03,00:04,MARE,DANNI GATO x DIOGO PICARRA
Mega Hits,2026-10-03,00:07,TASTES SO GOOD,NIALL HORAN
Mega Hits,2026-10-03,00:10,SUNFLOWER,POST MALONE & SWAE LEE
Mega Hits,2026-10-03,00:46,TA TUDO BEM,T-REX
Mega Hits,2026-10-03,00:50,MI CHICO,DJ GOJA x JASON DERULO
Mega Hits,2026-10-03,00:52,VOZ DA MULTIDAO,DEEJAY TELIO
Mega Hits,2026-10-03,00:56,THE WAY I ARE,TIMBALAND feat. KERI HILSON & D.O.E.
Mega Hits,2026-10-03,00:59,JANICE STFU,DRAKE
Mega Hits,2026-10-03,01:03,JAMAICAN (BAM BAM),HUGEL feat. SOLTO
Mega Hits,2026-10-03,01:06,MAIS UM,PAPILLON
Mega Hits,2026-10-03,01:10,SHE WILL BE LOVED,MAROON 5
Mega Hits,2026-10-03,01:45,NEW TRICK,ROSE
Mega Hits,2026-10-03,01:48,BABYDOLL,DOMINIC FIKE
Mega Hits,2026-10-03,01:53,A VONTADE,PROFJAM feat. FINIX MG
Mega Hits,2026-10-03,01:58,WATCH IT BURN,KATY PERRY
Mega Hits,2026-10-03,02:01,BASS PERSUADES,MILEY
Mega Hits,2026-10-03,02:05,RUNWAY (PI),LADY GAGA x DOECHII
Mega Hits,2026-10-03,02:07,SWEATER WEATHER,THE NEIGHBOURHOOD
Mega Hits,2026-10-03,02:11,TI MARINHO,NININHO VAZ MAIA
Mega Hits,2026-10-03,02:45,STAY (IF YOU WANNA DANCE),MYLES SMITH
Mega Hits,2026-10-03,02:48,CRAZY IN LOVE,BEYONCÃ‰ FEAT. JAY-Z
Mega Hits,2026-10-03,02:52,LOSER,TAME IMPALA
Mega Hits,2026-10-03,02:56,BENCAO,MIZZY MILES FEAT. VAN ZEE & BISPO
Mega Hits,2026-10-03,03:00,TALK TO YOU,ANOTR feat. 54 ULTRA
Mega Hits,2026-10-03,03:03,SEVEN,JUNG KOOK feat. LATTO
Mega Hits,2026-10-03,03:06,AMERICAN GIRLS (PI),HARRY STYLES
Mega Hits,2026-10-03,03:08,YOU,RICHIE CAMPBELL
Mega Hits,2026-10-03,03:13,MIDNIGHT SUN,ZARA LARSSON
Mega Hits,2026-10-03,03:46,CAMERA,CHARLI XCX
Mega Hits,2026-10-03,03:49,WHAT YOU SAYING,LIL UZI VERT
Mega Hits,2026-10-03,03:51,CARRO,BARBARA BANDEIRA FEAT. DILLAZ
Mega Hits,2026-10-03,03:54,HEATHENS,TWENTY ONE PILOTS
Mega Hits,2026-10-03,03:57,LIKE JENNIE,JENNIE
Mega Hits,2026-10-03,04:00,"I KNEW IT, I KNEW YOU (PI)",TAYLOR SWIFT
Mega Hits,2026-10-03,04:03,GOLDEN,HUNTRX + EJAE & AUDREY NUNA
Mega Hits,2026-10-03,04:06,LOSE YOURSELF,EMINEM
Mega Hits,2026-10-03,04:11,CORDAPELE,SLOW J
Mega Hits,2026-10-03,04:45,SOMOS IGUAIS,PLUTONIO
Mega Hits,2026-10-03,04:49,JANICE STFU,DRAKE
Mega Hits,2026-10-03,04:53,JASMIM,DESCENDENTES
Mega Hits,2026-10-03,04:55,BAD ROMANCE,LADY GAGA
Mega Hits,2026-10-03,05:00,SUPERESTRELLA,AITANA
Mega Hits,2026-10-03,05:03,AMAR PELA METADE,CALEMA
Mega Hits,2026-10-03,05:06,HAVANA,CAMILA CABELLO feat. YOUNG THUG
Mega Hits,2026-10-03,05:09,HATE THAT I MADE YOU LOVE ME (PI),ARIANA GRANDE
Mega Hits,2026-10-03,05:14,SO EASY (TO FALL IN LOVE) (PI),OLIVIA DEAN
Mega Hits,2026-10-03,05:47,HOLLOW,MARSHMELLO x CAMERON WHITCOMB
Mega Hits,2026-10-03,05:50,HOUSE TOUR (PI),SABRINA CARPENTER
Mega Hits,2026-10-03,05:52,MILF,BARBARA TINOCO
Mega Hits,2026-10-03,05:56,WE PRAY,"COLDPLAY FEAT. LITTLE SIMZ, BURNA BOY, ELYANNA & TINI"
Mega Hits,2026-10-03,06:00,HOOTIE FRUTTI,KATSEYE
Mega Hits,2026-10-03,06:02,ULTIMA DANCA,CHICO DA TINA & LUCAS MAIA
Mega Hits,2026-10-03,06:04,USE SOMEBODY,KINGS OF LEON
Mega Hits,2026-10-03,06:08,EARRINGS,MALCOLM TODD
Mega Hits,2026-10-03,06:45,SAVE MY LOVE,KYGO with KHALID & GRYFFIN
Mega Hits,2026-10-03,06:48,TALK TO YOU,ANOTR feat. 54 ULTRA
Mega Hits,2026-10-03,06:51,FRIDAY,RITON x NIGHTCRAWLERS feat. MUFASA & HYPEMAN
Mega Hits,2026-10-03,06:54,BLESSED,PHOENIX RDC feat. WET BED GANG & NENNY
Mega Hits,2026-10-03,06:58,WANT TO WANT ME,JASON DERULO
Mega Hits,2026-10-03,07:02,MOVIN TO THE SUN,HUGEL x IMAEL ANGEL x ULTRA NATE
Mega Hits,2026-10-03,07:04,MR. KNOW IT ALL (PI),TEDDY SWIMS
Mega Hits,2026-10-03,07:07,FUMACA,BARBARA BANDEIRA FEAT. VEIGH
Mega Hits,2026-10-03,07:11,LIKE A BOY,CIARA
Mega Hits,2026-10-03,07:46,BASS PERSUADES,MILEY
Mega Hits,2026-10-03,07:50,DANCE NO MORE,HARRY STYLES
Mega Hits,2026-10-03,07:53,NEW TRICK,ROSE
Mega Hits,2026-10-03,07:56,ITS NOT RIGHT (BUT ITS OK),MR. BELT & WEZOL
Mega Hits,2026-10-03,07:59,BOSTON,STELLA LEFTY
Mega Hits,2026-10-03,08:02,DRACULA (PI),"TAME IMPALA, JENNIE"
Mega Hits,2026-10-03,08:05,HEARTLESS,RICHIE CAMPBELL
Mega Hits,2026-10-03,08:08,LETS GET MARRIED,MILEY
Mega Hits,2026-10-03,08:11,WHERE SHE GOES,BAD BUNNY
Mega Hits,2026-10-03,08:50,SUPERESTRELLA,AITANA
Mega Hits,2026-10-03,08:53,IDIOTA,JAO
Mega Hits,2026-10-03,08:56,ESSA SAIA,BISPO feat. IVANDRO
Mega Hits,2026-10-03,09:00,PILE,MAUVAIS DJO
Mega Hits,2026-10-03,09:02,CEST LA VIE,RICHIE CAMPBELL feat. PLUTONIO
Mega Hits,2026-10-03,09:06,NAO ENTENDO,ESPAMA TRINCANA
Mega Hits,2026-10-03,09:08,HIPS DON`T LIE,"SHAKIRA, WYCLEF JEAN"
Mega Hits,2026-10-03,09:12,LESS THAN A LOVER,JENNIE
Mega Hits,2026-10-03,09:45,"I KNEW IT, I KNEW YOU (PI)",TAYLOR SWIFT
Mega Hits,2026-10-03,09:48,NORMAL,BTS
Mega Hits,2026-10-03,09:51,ON EST LA,MIZZY MILES feat. WET BED GANG
Mega Hits,2026-10-03,09:55,ILLEGAL,PINKPANTHERESS
Mega Hits,2026-10-03,09:57,NOT LIKE US,KENDRICK LAMAR
Mega Hits,2026-10-03,10:03,PETAL,ARIANA GRANDE
Mega Hits,2026-10-03,10:06,THE GREAT DIVIDE,NOAH KAHAN
Mega Hits,2026-10-03,10:10,LEVELS,AVICII
Mega Hits,2026-10-03,10:14,FAZ BEM,BLUAY x JULINHO KSD
Mega Hits,2026-10-03,10:45,12 TO 12 (PI),SOMBR
Mega Hits,2026-10-03,10:49,PRA MIM,T-REX
Mega Hits,2026-10-03,10:57,MOVIN TO THE SUN,HUGEL x IMAEL ANGEL x ULTRA NATE
Mega Hits,2026-10-03,10:59,MI CHICO,DJ GOJA x JASON DERULO
Mega Hits,2026-10-03,11:02,RISK IT ALL (PI),BRUNO MARS
Mega Hits,2026-10-03,11:04,DEJA VU,PLUTONIO
Mega Hits,2026-10-03,11:08,FLOWERS,MILEY CYRUS
Mega Hits,2026-10-03,11:11,RMB (RING MY BELL),AITCH
Mega Hits,2026-10-03,11:47,HOOTIE FRUTTI,KATSEYE
Mega Hits,2026-10-03,11:49,AINT IN LA,ADELA
Mega Hits,2026-10-03,11:52,ENVOLVER,ANITTA
Mega Hits,2026-10-03,11:56,UNA NA MAS,MYKE TOWERS
Mega Hits,2026-10-03,11:59,EMERALD EYES,ALEX WARREN
Mega Hits,2026-10-03,12:02,GONE GONE GONE (PI),"DAVID GUETTA, TEDDY SWIMS, TONES AND I"
Mega Hits,2026-10-03,12:05,SHAPE OF YOU,ED SHEERAN
Mega Hits,2026-10-03,12:09,SAUDADE DA FELICIDADE,LUCAS MAIA
Mega Hits,2026-10-03,12:13,SUPERESTRELLA,AITANA
Mega Hits,2026-10-03,12:45,BANGLA,PIRUKA
Mega Hits,2026-10-03,12:52,PILE,MAUVAIS DJO
Mega Hits,2026-10-03,12:54,TATA,SLOW J
Mega Hits,2026-10-03,12:57,CHEAP THRILLS,SIA
Mega Hits,2026-10-03,13:01,LOSER,TAME IMPALA
Mega Hits,2026-10-03,13:05,FREE YOUR MIND,PROSPA & CLOONEE
Mega Hits,2026-10-03,13:09,SUPERSTAR,JAMELIA
Mega Hits,2026-10-03,13:13,BASS PERSUADES,MILEY
Mega Hits,2026-10-03,13:46,BOSTON,STELLA LEFTY
Mega Hits,2026-10-03,13:49,1 DE ABRIL,PLUTONIO
Mega Hits,2026-10-03,13:52,HOLLOW,MARSHMELLO x CAMERON WHITCOMB
Mega Hits,2026-10-03,13:55,SOU GRANDE NO AMOR,CHICO DA TINA
Mega Hits,2026-10-03,13:58,SUCKER,JONAS BROTHERS
Mega Hits,2026-10-03,14:01,GREAT EXPECTATION,SIENNA SPIRO
Mega Hits,2026-10-03,14:04,SAGRADO PROFANO,LUISA SONZA feat. KAYBLACK
Mega Hits,2026-10-03,14:07,MAN I NEED (PI),OLIVIA DEAN
Mega Hits,2026-10-03,14:11,DIZ-ME,GAMA WNTD feat. GUGA
Mega Hits,2026-10-03,14:13,WHEN IN ROME,DOVE CAMERON
Mega Hits,2026-10-03,14:45,DO JOB,MC TUTO & GRELO
Mega Hits,2026-10-03,14:52,MI CHICO,DJ GOJA x JASON DERULO
Mega Hits,2026-10-03,14:54,TENTAR,TATIANA DUARTE feat. JIMMY P.
Mega Hits,2026-10-03,14:57,I JUST MIGHT (PI),BRUNO MARS
Mega Hits,2026-10-03,15:00,JANICE STFU,DRAKE
Mega Hits,2026-10-03,15:05,ANIMAL,KATSEYE
Mega Hits,2026-10-03,15:07,ALO,DILLAZ feat. PLUTONIO
Mega Hits,2026-10-03,15:11,WOW,POST MALONE
Mega Hits,2026-10-03,15:14,"I KNEW IT, I KNEW YOU (PI)",TAYLOR SWIFT
Mega Hits,2026-10-03,15:46,PETAL,ARIANA GRANDE
Mega Hits,2026-10-03,15:50,AGUA,MALUMA & SHAKIRA
Mega Hits,2026-10-03,15:53,ALCOOL E PRAZER,DEEJAY TELIO feat. WET BED GANG
Mega Hits,2026-10-03,15:57,CHANEL,TYLA
Mega Hits,2026-10-03,16:00,STILL,KAROL G. with BRUNO MARS
Mega Hits,2026-10-03,16:04,WHERE IS MY HUSBAND! (PI),RAYE
Mega Hits,2026-10-03,16:07,NUEVAYoL,BAD BUNNY
Mega Hits,2026-10-03,16:11,PAIS DAS MARAVILHAS,PLUTONIO
Mega Hits,2026-10-03,16:14,PILE,MAUVAIS DJO
Mega Hits,2026-10-03,16:46,SEI QUE TU ME ODEIA,ANITTA & MC DANNY
Mega Hits,2026-10-03,16:52,LOSER,TAME IMPALA
Mega Hits,2026-10-03,16:56,LOOK WHAT YOUVE DONE,RICHIE CAMPBELL
Mega Hits,2026-10-03,16:58,NOBODYS GIRL,TATE McRAE
Mega Hits,2026-10-03,17:02,TALK TO YOU,ANOTR feat. 54 ULTRA
Mega Hits,2026-10-03,17:05,GOOD REASON,GRACIE ABRAMS
Mega Hits,2026-10-03,17:09,FIM DO NADA,MIZZY MILES FEAT. T-REX & ZARA G.
Mega Hits,2026-10-03,17:13,LOVIN ON ME,JACK HARLOW
Mega Hits,2026-10-03,17:46,CASAR E PRA ESQUECER,VIZINHOS
Mega Hits,2026-10-03,17:49,WALKING ON A DREAM,EMPIRE OF THE SUN
Mega Hits,2026-10-03,17:52,EMERALD EYES,ALEX WARREN
Mega Hits,2026-10-03,17:55,NORMAL,BTS
Mega Hits,2026-10-03,17:58,BRUTOS DIAMANTES,SYRO FEAT. BISPO
Mega Hits,2026-10-03,18:01,SAWADIKA,LISA
Mega Hits,2026-10-03,18:04,SUGAR ON MY TONGUE (PI),TYLER THE CREATOR
Mega Hits,2026-10-03,18:07,SINCE U BEEN GONE,KELLY CLARKSON
Mega Hits,2026-10-03,18:10,MAU OLHADO,BARBARA BANDEIRA
Mega Hits,2026-10-03,18:13,MI CHICO,DJ GOJA x JASON DERULO
Mega Hits,2026-10-03,18:50,JANICE STFU,DRAKE
Mega Hits,2026-10-03,18:54,BORBOLETAS,GAMA
Mega Hits,2026-10-03,18:58,THE DEAD DANCE (PI),LADY GAGA
Mega Hits,2026-10-03,19:02,SUPERESTRELLA,AITANA
Mega Hits,2026-10-03,19:05,JAMAICAN (BAM BAM),HUGEL feat. SOLTO
Mega Hits,2026-10-03,19:08,MARE,DANNI GATO x DIOGO PICARRA
Mega Hits,2026-10-03,19:11,MANEATER,NELLY FURTADO
Mega Hits,2026-10-03,19:49,GREAT EXPECTATION,SIENNA SPIRO
Mega Hits,2026-10-03,19:52,AINT IN LA,ADELA
Mega Hits,2026-10-03,19:55,MAIS UM,PAPILLON
Mega Hits,2026-10-03,19:59,LESS THAN A LOVER,JENNIE
Mega Hits,2026-10-03,20:01,HUMBLE,KENDRICK LAMAR
Mega Hits,2026-10-03,20:04,STAY (IF YOU WANNA DANCE),MYLES SMITH
Mega Hits,2026-10-03,20:08,TA TUDO BEM,T-REX
Mega Hits,2026-10-03,20:12,LOSER,TAME IMPALA
Mega Hits,2026-10-03,20:50,TALK TO YOU,ANOTR feat. 54 ULTRA
Mega Hits,2026-10-03,20:54,TI MARINHO,NININHO VAZ MAIA
Mega Hits,2026-10-03,20:57,LOVE SENSATION,MADONNA
Mega Hits,2026-10-03,21:01,MOVIN TO THE SUN,HUGEL x IMAEL ANGEL x ULTRA NATE
Mega Hits,2026-10-03,21:03,112,ATOA feat. D.A.M.A.
Mega Hits,2026-10-03,21:06,SPRINTER,DAVE x CENTRAL CEE
Mega Hits,2026-10-03,21:11,AMERICAN GIRLS (PI),HARRY STYLES
Mega Hits,2026-10-03,21:13,PETAL,ARIANA GRANDE
Mega Hits,2026-10-03,21:47,STILL,KAROL G. with BRUNO MARS
Mega Hits,2026-10-03,21:51,WHEN IN ROME,DOVE CAMERON
Mega Hits,2026-10-03,21:54,BENCAO,MIZZY MILES FEAT. VAN ZEE & BISPO
Mega Hits,2026-10-03,21:57,HIGH HOPES,PANIC! AT THE DISCO
Mega Hits,2026-10-03,22:01,SEE-LINE WOMAN,NINA SIMONE
Mega Hits,2026-10-03,22:05,SHE CAN LOVE U,RAFAEL & TONI B.
Mega Hits,2026-10-03,22:08,TALK TO YOU,ANOTR feat. 54 ULTRA
Mega Hits,2026-10-03,22:12,CAFEINA,DJ DADDA feat. PLUTONIO
Mega Hits,2026-10-03,22:45,CORDAPELE,SLOW J
Mega Hits,2026-10-03,22:51,RESPIRAR,CALEMA & SARA CORREIA
Mega Hits,2026-10-03,22:55,CARRO,BARBARA BANDEIRA FEAT. DILLAZ
Mega Hits,2026-10-03,22:58,THE DOOR,TEDDY SWIMS
Mega Hits,2026-10-03,23:02,LOSER,TAME IMPALA
Mega Hits,2026-10-03,23:06,GOOD REASON,GRACIE ABRAMS
Mega Hits,2026-10-03,23:10,SOU GRANDE NO AMOR,CHICO DA TINA
Mega Hits,2026-10-03,23:13,MTG NA IMAGINACAO,DJ TOPO & MC LIVINHO
Rádio Comercial,2026-10-03,00:01,Ordinary,Alex Warren
Rádio Comercial,2026-10-03,00:05,Love Me Like You Do,Ellie Goulding
Rádio Comercial,2026-10-03,00:08,112,"ÁTOA, D.A.M.A"
Rádio Comercial,2026-10-03,00:11,Someone Like You,Adele
Rádio Comercial,2026-10-03,00:16,Homewrecker,sombr
Rádio Comercial,2026-10-03,00:20,era capaz de matar,cristo
Rádio Comercial,2026-10-03,00:24,Thinking Out Loud,Ed Sheeran
Rádio Comercial,2026-10-03,00:26,Opalite,Taylor Swift
Rádio Comercial,2026-10-03,00:30,Ai Se Ele Cai,Xutos & Pontapés
Rádio Comercial,2026-10-03,00:33,Paparazzi,Lady Gaga
Rádio Comercial,2026-10-03,00:39,Nicole Kidman,ADÉLA
Rádio Comercial,2026-10-03,00:42,O Amor Existe,Nena
Rádio Comercial,2026-10-03,00:45,Try,Pink
Rádio Comercial,2026-10-03,00:48,Paragem,Mariana Pereira
Rádio Comercial,2026-10-03,00:52,Algo de mí,Pablo Alborán
Rádio Comercial,2026-10-03,00:55,Deslocado,NAPA
Rádio Comercial,2026-10-03,00:58,I'm Not The Only One,Sam Smith
Rádio Comercial,2026-10-03,01:02,The Great Divide,Noah Kahan
Rádio Comercial,2026-10-03,01:06,Radioactive Core Artist,Imagine Dragons
Rádio Comercial,2026-10-03,01:09,então que o mundo acabe,SYRO
Rádio Comercial,2026-10-03,01:12,Human,Rag'n'Bone Man
Rádio Comercial,2026-10-03,01:15,La Perla,"ROSALÍA, Yahritza Y Su Esencia"
Rádio Comercial,2026-10-03,01:19,Se o jardim secar,Milhanas
Rádio Comercial,2026-10-03,01:22,Lose Control,Teddy Swims
Rádio Comercial,2026-10-03,01:25,Chandelier,Sia
Rádio Comercial,2026-10-03,01:28,Fica Tudo Bem,"Silva, Anitta"
Rádio Comercial,2026-10-03,01:31,Home Run,"Matt Wills, Ellie Hider"
Rádio Comercial,2026-10-03,01:34,My Immortal,Evanescence
Rádio Comercial,2026-10-03,01:39,Chuva de Amor,Calema
Rádio Comercial,2026-10-03,01:43,Take Me To Church,Hozier
Rádio Comercial,2026-10-03,01:47,Houvesse Mais Tempo,"Vizinhos, Luís Trigacheiro"
Rádio Comercial,2026-10-03,01:50,God Was Showing Off,Bruno Mars
Rádio Comercial,2026-10-03,01:54,Desliza,Ana Moura
Rádio Comercial,2026-10-03,01:56,Without You,"David Guetta, Usher"
Rádio Comercial,2026-10-03,02:00,Camera,Ed Sheeran
Rádio Comercial,2026-10-03,02:03,Skyfall Core Artist,Adele
Rádio Comercial,2026-10-03,02:07,Vício Difícil,Marisa Liz
Rádio Comercial,2026-10-03,02:10,The Zephyr Song,Red Hot Chili Peppers
Rádio Comercial,2026-10-03,02:14,EMERALD EYES,Alex Warren
Rádio Comercial,2026-10-03,02:17,Casa,Vi´tor Lusquin~os
Rádio Comercial,2026-10-03,02:19,Story Of My Life,One Direction
Rádio Comercial,2026-10-03,02:23,What Was I Made For,Billie Eilish
Rádio Comercial,2026-10-03,02:27,Ser Feliz e´ Ta~o Simples,Aragão
Rádio Comercial,2026-10-03,02:29,Hips Don't Lie,"Shakira, Wyclef Jean"
Rádio Comercial,2026-10-03,02:33,bad taste,Freya Skye
Rádio Comercial,2026-10-03,02:36,Longe,Nuno Ribeiro
Rádio Comercial,2026-10-03,02:39,Higher Power,Coldplay
Rádio Comercial,2026-10-03,02:43,Como é fraco o coração,"Elisa, Tiago Nogueira"
Rádio Comercial,2026-10-03,02:46,Hold me in the dark,Myles Smith
Rádio Comercial,2026-10-03,02:50,Look What You've Done,Richie Campbell
Rádio Comercial,2026-10-03,02:52,I Won't Give Up,Jason Mraz
Rádio Comercial,2026-10-03,02:56,Paris,The Chainsmokers
Rádio Comercial,2026-10-03,03:00,It Was Gonna Be You,Passenger
Rádio Comercial,2026-10-03,03:03,Arcade,"Duncan Laurence, Fletcher"
Rádio Comercial,2026-10-03,03:06,No Matter Where I Go,Gui Aly
Rádio Comercial,2026-10-03,03:09,Earrings,Malcom Todd
Rádio Comercial,2026-10-03,03:11,So Easy (To Fall In Love),Olivia Dean
Rádio Comercial,2026-10-03,03:14,Olha para mim,"João Só, Tiago Nogueira"
Rádio Comercial,2026-10-03,03:17,Die On This Hill,Sienna Spiro
Rádio Comercial,2026-10-03,03:21,Diamonds,Rihanna
Rádio Comercial,2026-10-03,03:24,A Nossa Vez,Calema
Rádio Comercial,2026-10-03,03:27,Waste My Tears,James Arthur
Rádio Comercial,2026-10-03,03:31,How You Remind Me,Nickelback
Rádio Comercial,2026-10-03,03:35,I Don't Know Me,Pedro Santos
Rádio Comercial,2026-10-03,03:38,Shivers,Ed Sheeran
Rádio Comercial,2026-10-03,03:41,Diz-me,"GAMA WNTD, Guga"
Rádio Comercial,2026-10-03,03:44,Self Aware,Temper City
Rádio Comercial,2026-10-03,03:47,Que O Amor Te Salve Nesta Noite Escura,"Pedro Abrunhosa, Sara Correia"
Rádio Comercial,2026-10-03,03:50,Toxic,Britney Spears
Rádio Comercial,2026-10-03,03:54,Pumped Up Kicks,Foster The People
Rádio Comercial,2026-10-03,03:57,How Do I Say Goodbye,Dean Lewis
Rádio Comercial,2026-10-03,04:00,Refuge,Dermot Kennedy
Rádio Comercial,2026-10-03,04:04,Without You,The Kid LAROI
Rádio Comercial,2026-10-03,04:06,Quem Me Vê,"Os Quatro e Meia, Luís Trigacheiro"
Rádio Comercial,2026-10-03,04:10,(I Wish I Knew How It Would Feel To Be Free),Lighthouse Family
Rádio Comercial,2026-10-03,04:14,Homewrecker,sombr
Rádio Comercial,2026-10-03,04:17,Amor Sem Pressa,David Fonseca
Rádio Comercial,2026-10-03,04:20,Pompeii,Bastille
Rádio Comercial,2026-10-03,04:23,God Went Crazy,Teddy Swims
Rádio Comercial,2026-10-03,04:27,Eu Não Sei,Expensive Soul
Rádio Comercial,2026-10-03,04:30,The Nights,Avicii
Rádio Comercial,2026-10-03,04:34,stupid song,Olivia Rodrigo
Rádio Comercial,2026-10-03,04:37,Vera~o,"Afonso Dubraz, Luís Trigacheiro"
Rádio Comercial,2026-10-03,04:40,Jar Of Hearts,Christina Perri
Rádio Comercial,2026-10-03,04:44,nada do que eu disse,Miguel Carmona
Rádio Comercial,2026-10-03,04:48,Stay Love,Lewis Capaldi
Rádio Comercial,2026-10-03,04:51,Back Into Love,Aurea
Rádio Comercial,2026-10-03,04:54,Let Me Love You,"DJ Snake, Justin Bieber"
Rádio Comercial,2026-10-03,04:57,Forget You,Cee Lo Green
Rádio Comercial,2026-10-03,05:01,Algo de mí,Pablo Alborán
Rádio Comercial,2026-10-03,05:04,Always Remember Us This Way,Lady Gaga
Rádio Comercial,2026-10-03,05:08,Sortudo,NAPA
Rádio Comercial,2026-10-03,05:11,Beneath Your Beautiful,Labrinth & Emeli Sandé
Rádio Comercial,2026-10-03,05:15,Ordinary,Alex Warren
Rádio Comercial,2026-10-03,05:18,Cidade,"Bluay, Buba Espinho"
Rádio Comercial,2026-10-03,05:21,Sorry I'm Here For Someone Else,Benson Boone
Rádio Comercial,2026-10-03,05:23,Always,Gavin James
Rádio Comercial,2026-10-03,05:26,Jasmim,Descendentes
Rádio Comercial,2026-10-03,05:29,Nicole Kidman,ADÉLA
Rádio Comercial,2026-10-03,05:33,Yellow,Coldplay
Rádio Comercial,2026-10-03,05:37,112,"ÁTOA, D.A.M.A"
Rádio Comercial,2026-10-03,05:40,Be The One,Dua Lipa
Rádio Comercial,2026-10-03,05:43,era capaz de matar,cristo
Rádio Comercial,2026-10-03,05:48,God Was Showing Off,Bruno Mars
Rádio Comercial,2026-10-03,05:51,Benção,"Mizzy Miles, Van Zee, Bispo"
Rádio Comercial,2026-10-03,05:54,Sober Core Artist,Pink
Rádio Comercial,2026-10-03,05:58,A Little More,Ed Sheeran
Rádio Comercial,2026-10-03,06:01,Girl On Fire,Alicia Keys
Rádio Comercial,2026-10-03,06:05,Chuva de Amor,Calema
Rádio Comercial,2026-10-03,06:09,Here Without You,3 Doors Down
Rádio Comercial,2026-10-03,06:13,EMERALD EYES,Alex Warren
Rádio Comercial,2026-10-03,06:15,Paragem,Mariana Pereira
Rádio Comercial,2026-10-03,06:18,Easy On Me,Adele
Rádio Comercial,2026-10-03,06:22,Born With A Broken Heart,Damiano David
Rádio Comercial,2026-10-03,06:25,Burguesinha,Seu Jorge
Rádio Comercial,2026-10-03,06:28,Price Tag,"Jessie J, B.o.B"
Rádio Comercial,2026-10-03,06:33,Animal,KATSEYE
Rádio Comercial,2026-10-03,06:36,Vícios,Chico Da Tina
Rádio Comercial,2026-10-03,06:38,Payphone Core Artist,Maroon 5
Rádio Comercial,2026-10-03,06:42,Se o jardim secar,Milhanas
Rádio Comercial,2026-10-03,06:46,The Great Divide,Noah Kahan
Rádio Comercial,2026-10-03,06:50,Despedida de Solteira,Bárbara Tinoco
Rádio Comercial,2026-10-03,06:54,Naked,James Arthur
Rádio Comercial,2026-10-03,06:57,no tiene sentido,Beéle
Rádio Comercial,2026-10-03,07:00,Hold me in the dark,Myles Smith
Rádio Comercial,2026-10-03,07:03,Believer,Imagine Dragons
Rádio Comercial,2026-10-03,07:06,Como é fraco o coração,"Elisa, Tiago Nogueira"
Rádio Comercial,2026-10-03,07:09,Nothing Really Matters (Afrojack Remix),Mr Probz
Rádio Comercial,2026-10-03,07:12,The Fate of Ophelia,Taylor Swift
Rádio Comercial,2026-10-03,07:16,Mais Ou Menos Isto,Rita Rocha
Rádio Comercial,2026-10-03,07:19,Dream As One,Miley Cyrus
Rádio Comercial,2026-10-03,07:23,As It Was,Harry Styles
Rádio Comercial,2026-10-03,07:25,Houvesse Mais Tempo,"Vizinhos, Luís Trigacheiro"
Rádio Comercial,2026-10-03,07:28,BbY WOW,"Karol G, Judeline, rusowsky"
Rádio Comercial,2026-10-03,07:37,Shadow Of The Day,Linkin Park
Rádio Comercial,2026-10-03,07:41,O Amor Existe,Nena
Rádio Comercial,2026-10-03,07:44,Mercy,Shawn Mendes
Rádio Comercial,2026-10-03,07:47,Casa,Vi´tor Lusquin~os
Rádio Comercial,2026-10-03,07:55,Mr. Know It All,Teddy Swims
Rádio Comercial,2026-10-03,07:58,A Nossa Dança,Calema
Rádio Comercial,2026-10-03,08:04,Marcha Dos Desalinhados Delfins,Delfins
Rádio Comercial,2026-10-03,08:09,Tenho Saudades De Casa,Nena
Rádio Comercial,2026-10-03,08:12,A máquina (acordou),Amor Electro
Rádio Comercial,2026-10-03,08:16,S2,Bispo
Rádio Comercial,2026-10-03,08:23,A Carta (Acustico),Tiago Bettencourt
Rádio Comercial,2026-10-03,08:28,Olha para mim,"João Só, Tiago Nogueira"
Rádio Comercial,2026-10-03,08:31,Meu Amor Pequenino,Mariza
Rádio Comercial,2026-10-03,08:33,Só Limar,Expensive Soul
Rádio Comercial,2026-10-03,08:37,Nha Cretcheu (Meu Amor),Sara Tavares
Rádio Comercial,2026-10-03,08:46,Novas Babilónias,Clã
Rádio Comercial,2026-10-03,08:50,Por Enquanto,Plutonio
Rádio Comercial,2026-10-03,08:52,Dores De Crescimento,"Carolina de Deus, António Zambujo"
Rádio Comercial,2026-10-03,08:55,Borboletas,Gama
Rádio Comercial,2026-10-03,08:59,Se o jardim secar,Milhanas
Rádio Comercial,2026-10-03,09:05,Nada Errado,"Dengaz, António Zambujo"
Rádio Comercial,2026-10-03,09:09,Pequena dor,Cabeças No Ar
Rádio Comercial,2026-10-03,09:12,Linha De Sintra,Bárbara Tinoco
Rádio Comercial,2026-10-03,09:15,Sem Ti,Slow J
Rádio Comercial,2026-10-03,09:23,Cúmplices,Mafalda Veiga
Rádio Comercial,2026-10-03,09:25,Ao Soldado Desconfiado,GNR
Rádio Comercial,2026-10-03,09:29,Passeio dos Prodígios,Jorge Palma
Rádio Comercial,2026-10-03,09:37,Amanhã é sempre longe demais,Rádio Macau
Rádio Comercial,2026-10-03,09:43,Fora De Tempo,Luís Represas
Rádio Comercial,2026-10-03,09:46,A Sorte,Carlão
Rádio Comercial,2026-10-03,09:49,Fio De Beque,Rui Veloso
Rádio Comercial,2026-10-03,09:52,O Prometido É Devido,Rui Veloso
Rádio Comercial,2026-10-03,09:56,Carro,"Bárbara Bandeira, Dillaz"
Rádio Comercial,2026-10-03,10:03,Camera,Ed Sheeran
Rádio Comercial,2026-10-03,10:07,A Saudade Aperta,"Elisa, Tiago Nogueira"
Rádio Comercial,2026-10-03,10:11,Homewrecker,sombr
Rádio Comercial,2026-10-03,10:14,A Sky Full Of Stars Core Artist,Coldplay
Rádio Comercial,2026-10-03,10:18,Waste My Tears,James Arthur
Rádio Comercial,2026-10-03,10:21,Quem Me Vê,"Os Quatro e Meia, Luís Trigacheiro"
Rádio Comercial,2026-10-03,10:24,Because Of You,Kelly Clarkson
Rádio Comercial,2026-10-03,10:28,Houdini,Eminem
Rádio Comercial,2026-10-03,10:31,Mirrors,Justin Timberlake
Rádio Comercial,2026-10-03,10:42,"1,2,3","ZARKO, Latte"
Rádio Comercial,2026-10-03,10:44,Someday,Nickelback
Rádio Comercial,2026-10-03,10:53,Stay Love,Lewis Capaldi
Rádio Comercial,2026-10-03,10:57,então que o mundo acabe,SYRO
Rádio Comercial,2026-10-03,11:03,Algo de mí,Pablo Alborán
Rádio Comercial,2026-10-03,11:06,Times Like These (Acoustic),Foo Fighters
Rádio Comercial,2026-10-03,11:10,MILF,Bárbara Tinoco
Rádio Comercial,2026-10-03,11:14,La Perla,"ROSALÍA, Yahritza Y Su Esencia"
Rádio Comercial,2026-10-03,11:17,Dog Days Are Over,Florence + The Machine
Rádio Comercial,2026-10-03,11:20,Ouvi Dizer,Melim
Rádio Comercial,2026-10-03,11:24,Cheap Thrills,Sia
Rádio Comercial,2026-10-03,11:28,stupid song,Olivia Rodrigo
Rádio Comercial,2026-10-03,11:31,A Thousand Miles,Vanessa Carlton
Rádio Comercial,2026-10-03,11:42,112,"ÁTOA, D.A.M.A"
Rádio Comercial,2026-10-03,11:45,Lonely,"Justin Bieber, Benny Blanco"
Rádio Comercial,2026-10-03,11:53,God Was Showing Off,Bruno Mars
Rádio Comercial,2026-10-03,11:56,nada do que eu disse,Miguel Carmona
Rádio Comercial,2026-10-03,12:03,So Easy (To Fall In Love),Olivia Dean
Rádio Comercial,2026-10-03,12:06,If I Lose Myself,"OneRepublic, Alesso"
Rádio Comercial,2026-10-03,12:10,Onde Vais,"Bárbara Bandeira, Carminho"
Rádio Comercial,2026-10-03,12:14,EMERALD EYES,Alex Warren
Rádio Comercial,2026-10-03,12:17,bad taste,Freya Skye
Rádio Comercial,2026-10-03,12:20,Chuva de Amor,Calema
Rádio Comercial,2026-10-03,12:24,Complicated,Avril Lavigne
Rádio Comercial,2026-10-03,12:28,Houdini,Dua Lipa
Rádio Comercial,2026-10-03,12:31,Dancing On My Own,Calum Scott
Rádio Comercial,2026-10-03,12:41,Ser Feliz e´ Ta~o Simples,Aragão
Rádio Comercial,2026-10-03,12:44,Let's Get It Started,Black Eyed Peas
Rádio Comercial,2026-10-03,12:54,The Great Divide,Noah Kahan
Rádio Comercial,2026-10-03,12:59,Voltas,Fernando Daniel
Rádio Comercial,2026-10-03,13:06,Hold me in the dark,Myles Smith
Rádio Comercial,2026-10-03,13:09,Viva La Vida Core Artist,Coldplay
Rádio Comercial,2026-10-03,13:12,Pôr do Sol,Vizinhos
Rádio Comercial,2026-10-03,13:15,Refuge,Dermot Kennedy
Rádio Comercial,2026-10-03,13:19,Star,Reamonn
Rádio Comercial,2026-10-03,13:23,Chakras,"Ivandro, Julinho Ksd"
Rádio Comercial,2026-10-03,13:26,In The Stars,Benson Boone
Rádio Comercial,2026-10-03,13:30,Nicole Kidman,ADÉLA
Rádio Comercial,2026-10-03,13:33,Boulevard Of Broken Dreams,Green Day
Rádio Comercial,2026-10-03,13:43,Como é fraco o coração,"Elisa, Tiago Nogueira"
Rádio Comercial,2026-10-03,13:46,Try,Pink
Rádio Comercial,2026-10-03,13:56,Jasmim,Descendentes
Rádio Comercial,2026-10-03,14:01,Where Is My Husband!,RAYE
Rádio Comercial,2026-10-03,14:04,7 Years,Lukas Graham
Rádio Comercial,2026-10-03,14:08,Amor Sem Pressa,David Fonseca
Rádio Comercial,2026-10-03,14:11,PASSENGER,Alex Warren
Rádio Comercial,2026-10-03,14:13,Lay Me Down,"Sam Smith, John Legend"
Rádio Comercial,2026-10-03,14:17,Animal,KATSEYE
Rádio Comercial,2026-10-03,14:19,I Don't Know Me,Pedro Santos
Rádio Comercial,2026-10-03,14:23,In The End,Linkin Park
Rádio Comercial,2026-10-03,14:26,Risk It All,Bruno Mars
Rádio Comercial,2026-10-03,14:29,Rude,Magic!
Rádio Comercial,2026-10-03,14:40,No Matter Where I Go,Gui Aly
Rádio Comercial,2026-10-03,14:42,Walking Away,Craig David
Rádio Comercial,2026-10-03,14:53,Self Aware,Temper City
Rádio Comercial,2026-10-03,14:55,A Fugir De Ser,Bárbara Tinoco
Rádio Comercial,2026-10-03,15:01,Stay Love,Lewis Capaldi
Rádio Comercial,2026-10-03,15:04,Broken Strings,James Morrison & Nelly Furtado
Rádio Comercial,2026-10-03,15:07,era capaz de matar,cristo
Rádio Comercial,2026-10-03,15:12,It Was Gonna Be You,Passenger
Rádio Comercial,2026-10-03,15:15,Demons Core Artist,Imagine Dragons
Rádio Comercial,2026-10-03,15:18,Melhor De Mim,Mariza
Rádio Comercial,2026-10-03,15:21,Can't Hold Us,"Macklemore, Ryan Lewis, Ray Dalton"
Rádio Comercial,2026-10-03,15:25,BbY WOW,"Karol G, Judeline, rusowsky"
Rádio Comercial,2026-10-03,15:29,By The Way,Red Hot Chili Peppers
Rádio Comercial,2026-10-03,15:39,Quem Me Vê,"Os Quatro e Meia, Luís Trigacheiro"
Rádio Comercial,2026-10-03,15:43,Hello,Adele
Rádio Comercial,2026-10-03,15:54,Ordinary,Alex Warren
Rádio Comercial,2026-10-03,15:57,Quero É Viver,Sara Correia
Rádio Comercial,2026-10-03,16:03,A Little More,Ed Sheeran
Rádio Comercial,2026-10-03,16:06,Budapest,George Ezra
Rádio Comercial,2026-10-03,16:09,Vera~o,"Afonso Dubraz, Luís Trigacheiro"
Rádio Comercial,2026-10-03,16:13,Homewrecker,sombr
Rádio Comercial,2026-10-03,16:16,Babydoll,Jamie Miller
Rádio Comercial,2026-10-03,16:19,112,"ÁTOA, D.A.M.A"
Rádio Comercial,2026-10-03,16:22,The Reason,Hoobastank
Rádio Comercial,2026-10-03,16:25,feelslikeimfallinginlove,Coldplay
Rádio Comercial,2026-10-03,16:29,Watermelon Sugar,Harry Styles
Rádio Comercial,2026-10-03,16:39,Tenho Saudades De Casa,Nena
Rádio Comercial,2026-10-03,16:42,One,"Mary J. Blige, U2"
Rádio Comercial,2026-10-03,16:54,Algo de mí,Pablo Alborán
Rádio Comercial,2026-10-03,16:56,Amiga Da Minha Mulher,Seu Jorge
Rádio Comercial,2026-10-03,17:02,Hold me in the dark,Myles Smith
Rádio Comercial,2026-10-03,17:05,You Found Me,The Fray
Rádio Comercial,2026-10-03,17:09,Andorinhas,Ana Moura
Rádio Comercial,2026-10-03,17:13,The Fate of Ophelia,Taylor Swift
Rádio Comercial,2026-10-03,17:16,No Air,"Jordin Sparks, Chris Brown"
Rádio Comercial,2026-10-03,17:20,Diamonds,Rihanna
Rádio Comercial,2026-10-03,17:24,Nós Os Dois,Bárbara Bandeira
Rádio Comercial,2026-10-03,17:27,Stitches,Shawn Mendes
Rádio Comercial,2026-10-03,17:31,Home Run,"Matt Wills, Ellie Hider"
Rádio Comercial,2026-10-03,17:34,Unwritten,Natasha Bedingfield
Rádio Comercial,2026-10-03,17:43,Chuva de Amor,Calema
Rádio Comercial,2026-10-03,17:47,Shallow,"Lady Gaga, Bradley Cooper"
Rádio Comercial,2026-10-03,17:55,Paragem,Mariana Pereira
Rádio Comercial,2026-10-03,18:01,Camera,Ed Sheeran
Rádio Comercial,2026-10-03,18:04,Dusk Till Dawn,"ZAYN, Sia"
Rádio Comercial,2026-10-03,18:08,Look What You've Done,Richie Campbell
Rádio Comercial,2026-10-03,18:11,EMERALD EYES,Alex Warren
Rádio Comercial,2026-10-03,18:13,Superheroes Cars,The Script
Rádio Comercial,2026-10-03,18:17,Waste My Tears,James Arthur
Rádio Comercial,2026-10-03,18:20,Re-Tratamento,Da Weasel
Rádio Comercial,2026-10-03,18:24,Everytime,Britney Spears
Rádio Comercial,2026-10-03,18:27,Dance The Night,Dua Lipa
Rádio Comercial,2026-10-03,18:30,Love Yourself,Justin Bieber
Rádio Comercial,2026-10-03,18:40,Sortudo,NAPA
Rádio Comercial,2026-10-03,18:43,Too Lost In You,Sugababes
Rádio Comercial,2026-10-03,18:53,Self Aware,Temper City
Rádio Comercial,2026-10-03,18:56,Como é fraco o coração,"Elisa, Tiago Nogueira"
Rádio Comercial,2026-10-03,19:01,Mr. Know It All,Teddy Swims
Rádio Comercial,2026-10-03,19:04,Photograph,Ed Sheeran
Rádio Comercial,2026-10-03,19:08,Pobre Ex-Namorado,Vizinhos
Rádio Comercial,2026-10-03,19:11,La Perla,"ROSALÍA, Yahritza Y Su Esencia"
Rádio Comercial,2026-10-03,19:14,Undisclosed Desires,Muse
Rádio Comercial,2026-10-03,19:17,Set Fire To The Rain,Adele
Rádio Comercial,2026-10-03,19:21,O Amor É Assim,"HMB, Carminho"
Rádio Comercial,2026-10-03,19:25,Magic Core Artist,Coldplay
Rádio Comercial,2026-10-03,19:29,stupid song,Olivia Rodrigo
Rádio Comercial,2026-10-03,19:32,We Are Young,"Fun, Janelle Monáe"
Rádio Comercial,2026-10-03,19:42,Se o jardim secar,Milhanas
Rádio Comercial,2026-10-03,19:45,Calm Down,"Rema, Selena Gomez"
Rádio Comercial,2026-10-03,19:54,Stay Love,Lewis Capaldi
Rádio Comercial,2026-10-03,19:57,I Don't Know Me,Pedro Santos
Rádio Comercial,2026-10-03,20:03,Summer Of 69,Bryan Adams
Rádio Comercial,2026-10-03,20:07,Invisible Touch,Genesis
Rádio Comercial,2026-10-03,20:10,Alive And Kicking,Simple Minds
Rádio Comercial,2026-10-03,20:15,Por Uma Noite,Klepht
Rádio Comercial,2026-10-03,20:18,No One Knows,Queens Of The Stone Age
Rádio Comercial,2026-10-03,20:23,Learning To Fly,Pink Floyd
Rádio Comercial,2026-10-03,20:28,Bitter Sweet Symphony,The Verve
Rádio Comercial,2026-10-03,20:32,Lado Lunar,Rui Veloso
Rádio Comercial,2026-10-03,20:37,Roadhouse Blues,The Doors
Rádio Comercial,2026-10-03,20:45,Whole Lotta Love,Led Zeppelin
Rádio Comercial,2026-10-03,20:56,Não Sou O Único,Xutos & Pontapés
Rádio Comercial,2026-10-03,21:00,Hurts So Good,John Cougar Mellencamp
Rádio Comercial,2026-10-03,21:03,Missing You Bad English,John Waite
Rádio Comercial,2026-10-03,21:07,Here Comes Your Man,Pixies
Rádio Comercial,2026-10-03,21:10,Stuck In A Moment You Can't Get Out Of U2,U2
Rádio Comercial,2026-10-03,21:15,Under Pressure,"Queen, David Bowie"
Rádio Comercial,2026-10-03,21:18,Quero Que Tudo Vá Pró Inferno,GNR
Rádio Comercial,2026-10-03,21:21,Sit Down,James
Rádio Comercial,2026-10-03,21:25,Photograph,Def Leppard
Rádio Comercial,2026-10-03,21:29,Never Tear Us Apart,INXS
Rádio Comercial,2026-10-03,21:32,O Anzol,Rádio Macau
Rádio Comercial,2026-10-03,21:35,Glory Days,Bruce Springsteen
Rádio Comercial,2026-10-03,21:41,Highway To Hell,AC/DC
Rádio Comercial,2026-10-03,21:44,Owner Of A Lonely Heart,Yes
Rádio Comercial,2026-10-03,21:51,Sympathy For The Devil,The Rolling Stones
Rádio Comercial,2026-10-03,21:56,Juntos Somos Mais Fortes,Amor Electro
Rádio Comercial,2026-10-03,22:00,Gone Gone Gone,"David Guetta, Teddy Swims, Tones And I"
Rádio Comercial,2026-10-03,22:03,Despedida de Solteira,Bárbara Tinoco
Rádio Comercial,2026-10-03,22:07,The Business,Tiësto
Rádio Comercial,2026-10-03,22:09,PASSENGER,Alex Warren
Rádio Comercial,2026-10-03,22:12,The Nights,Avicii
Rádio Comercial,2026-10-03,22:15,Back Into Love,Aurea
Rádio Comercial,2026-10-03,22:18,bad taste,Freya Skye
Rádio Comercial,2026-10-03,22:21,Sentir O Sol (ao vivo nas Manhãs),Os Quatro e Meia
Rádio Comercial,2026-10-03,22:25,Paradise Core Artist,Coldplay
Rádio Comercial,2026-10-03,22:28,Alejandro,Lady Gaga
Rádio Comercial,2026-10-03,22:32,Radioactive Core Artist,Imagine Dragons
Rádio Comercial,2026-10-03,22:37,Breaking Me,"Topic, A7S"
Rádio Comercial,2026-10-03,22:40,Vícios,Chico Da Tina
Rádio Comercial,2026-10-03,22:44,Algo de mí,Pablo Alborán
Rádio Comercial,2026-10-03,22:47,Desfado,Ana Moura
Rádio Comercial,2026-10-03,22:50,Waka Waka (This Time For Africa),"Shakira, Freshlyground"
Rádio Comercial,2026-10-03,22:53,Can't Stop The Feeling!,Justin Timberlake
Rádio Comercial,2026-10-03,22:57,I Got U,"Duke Dumont, Jax Jones"
Rádio Comercial,2026-10-03,23:01,Lady (Hear Me Tonight),Modjo
Rádio Comercial,2026-10-03,23:04,The Great Divide,Noah Kahan
Rádio Comercial,2026-10-03,23:08,os croquetes acabam,Nena
Rádio Comercial,2026-10-03,23:12,Turn Me On,Kevin Little
Rádio Comercial,2026-10-03,23:15,Feel So Close,Calvin Harris
Rádio Comercial,2026-10-03,23:19,Born With A Broken Heart,Damiano David
Rádio Comercial,2026-10-03,23:22,Pica Do 7,António Zambujo
Rádio Comercial,2026-10-03,23:25,She Wants To Move,N.E.R.D
Rádio Comercial,2026-10-03,23:28,Animal,KATSEYE
Rádio Comercial,2026-10-03,23:31,The Monster,"Eminem, Rihanna"
Rádio Comercial,2026-10-03,23:37,Pôr do Sol,Vizinhos
Rádio Comercial,2026-10-03,23:40,Blurred Lines,"Robin Thicke, T.I., Pharrell"
Rádio Comercial,2026-10-03,23:46,Rock Your Body,Justin Timberlake
Rádio Comercial,2026-10-03,23:51,Vício Difícil,Marisa Liz
Rádio Comercial,2026-10-03,23:53,Juramento Eterno De Sal,Álvaro De Luna
Rádio Comercial,2026-10-03,23:57,Roar,Katy Perry
